Word,Meaning
learn,"배우다, 외우다"
speak,"말하다, 연설하다"
something,"무엇인가, 어떤 것"
try,"해보다, 노력하다"
enjoy,즐기다
because,"왜냐하면, ~이기 때문에"
than,~보다
before,"~앞에, 이전에"
oneself,자기 자신이
understand,"이해하다, 알다"
become,~이 되다
always,"언제나, 항상"
which,어느 것
really,"정말로, 참으로"
away,"떨어져서, 저쪽에"
visit,방문하다
please,"부디, 기쁘게 하다"
stay,머무르다
hope,"희망하다, 바라다"
any,"무언가의, 조금도"
let,~시키다
beautiful,아름다운
window,창문
sure,"확실한, 물론"
almost,거의
without,~없이
own,"자신의, 소유하다"
such,그러한
during,"~동안, ~하는 중"
river,강
perhaps,"아마, 어쩌면"
shout,외치다
example,"예, 보기"
off,떨어져
far,"먼, 멀리"
both,양쪽의
busy,"바쁜, 번화한"
everything,모든 것
afraid,두려워하여
nothing,아무것도~않다
someone,"어떤 사람, 누군가"
garden,정원
trip,여행
quite,"아주, 꽤"
seem,~처럼 보이다
travel,여행
piece,"조각, 한 개"
history,역사
light,"빛, 밝은, 가벼운"
along,~을 따라서
carry,나르다
outside,"바깥쪽, 외부의"
tired,피곤한
worry,걱정하다
side,"쪽, 옆"
between,~의 사이에
front,"앞, 앞면의"
ever,"일찍이, 이제까지"
famous,유명한
climb,기어오르다
behind,~의 뒤에
pay,"치르다, 지불하다"
hill,"언덕, 작은 산"
else,그 밖에
cover,덮다
true,진실한
husband,남편
mistake,"잘못, 착오"
restaurant,식당
carefully,주의 깊게
yet,아직
everybody,누구나 다
dance,춤추다
album,사진첩
airport,"공항, 비행장"
player,"선수, 연주자"
cave,동굴
hurry,서두르다
hospital,병원
dream,꿈
dead,죽은
whose,누구의
plan,계획하다
careful,주의 깊은
excuse,"용서하다, 변명하다"
follow,따르다
ski,스키를 타다
speech,"말, 연설"
toward,~쪽으로
corner,"구석, 모퉁이"
maybe,"아마, 어쩌면"
special,특별한
useful,"쓸모 있는, 유용한"
rock,바위
reason,"이유, 이성"
science,과학
museum,박물관
wonder,이상하게 생각하다
another,"또 하나의, 다른"
life,"생활, 인생"
city,도시
each,"각각의, 각자의"
poster,"포스터, 벽보"
sometimes,가끔
inch,인치
should,~하여야 한다
month,"달, 1개월"
class,"학급, 수업"
later,"후에, 나중에"
great,"위대한, 큰"
town,도시
feel,느끼다
wait,기다리다
road,"길, 도로"
interesting,흥미 있는
glove,장갑
cream,크림
mask,가면
mean,의미하다
runner,달리는 사람
pool,수영장
show,보이다. 안내하다
animal,동물
question,"질문, 문제"
bring,가져오다
minute,"분, 순간"
anything,"무엇인가, 아무것도"
through,~을 통하여
low,"낮은, 싼"
need,필요로 하다
part,"부분, 일부, 역할"
course,"진로, 과정, 방침"
even,~조차도
interest,"흥미, 관심"
glad,기쁜
remember,생각해내다
arrive,도착하다
enough,충분한
doctor,"의사, 박사"
street,거리
leader,지도자
able,~할 수 있는
usually,"보통, 대개"
catch,붙잡다
idea,"생각, 관념"
forget,잊다
sleep,"자다, 수면"
tomorrow,내일
sorry,미안한
job,"일, 직업"
open,열다
paper,"종이, 신문"
cold,"추운, 감기"
laugh,"웃다, 웃음"
plane,비행기
early,"일찍, 이른"
late,"늦은, 늦게"
difficult,"어려운, 곤란한"
everyone,모두 다
happen,"일어나다, 발생하다"
finish,끝내다
teach,가르치다
mountain,산
sound,"소리, ~로 생각되다"
change,"변화하다, 잔돈"
suddenly,갑자기
wonderful,"놀라운, 훌륭한"
birthday,생일
easy,쉬운
important,"중요한, 중대한"
short,"짧은, 키가 작은"
break,"부수다, 어기다"
already,"벌써, 이미"
pound,파운드
quick,"빠른, 빨리"
club,"클럽, 곤봉"
close,"닫다, 가까운"
since,~이래
print,"인쇄하다, 인쇄물"
building,건물
east,동쪽의
o'clock,~시
dark,어두운
bicycle,자전거
college,단과 대학
heart,"심장, 중심"
lady,"숙녀, 귀부인"
radio,라디오
indoor,실내의
lake,호수
rain,"비, 비가 내리다"
drive,운전하다
tennis,"테니스, 정구"
under,~아래에
shirt,와이셔츠
die,죽다
gold,"금, 금화"
ship,배
warm,따뜻한
reader,"독자, 독서가"
clothes,"옷, 의복"
seat,좌석
poor,"가난한, 서투른"
make,만들다
across,가로질러
believe,믿다
library,"도서관, 도서실"
holiday,"휴일, 휴가"
lately,"요즘, 최근"
ground,"땅, 운동장"
look,"보다,~으로 보이다"
spend,"소비하다, 보내다"
field,"들, 경기장"
strong,"강한, 튼튼한"
camera,"카메라, 사진기"
phone,"전화, 전화하다"
mile,마일
sick,"병든, 싫증난"
member,"회원, 일원"
return,"돌아오다, 복귀"
until,~까지
ready,준비된
pull,"잡아당기다, 끌다"
alone,"홀로, 다만~뿐"
tape,테이프
living room,거실
build,"짓다, 건축하다"
dollar,달러
half,"절반, 30분"
ride,타다
clean,"깨끗한, 청소하다"
telephone,전화
wash,"씻다, 세탁하다"
among,~의 사이에
office,"사무소, 회사"
several,"여럿의, 각각의"
voice,목소리
win,이기다. 얻다
island,섬
sell,"팔다, 팔리다"
full,"가득한, 충분한"
aunt,"아주머니, 이모"
paint,그리다
though,비록~일지 라도
jump,"뛰다, 도약"
reach,"도착하다, 닿다"
hole,구멍
floor,"바닥, 층"
inside,"안쪽, 안쪽의"
village,마을
golden,"금빛의, 귀중한"
skate,스케이트를 타다
wood,"나무, (~s)숲"
person,사람
strange,"이상한, 낯선"
wear,착용하다
trouble,"고생, 어려움"
problem,문제
invite,초대하다
language,"언어, 국어"
lose,"잃다, 지다"
different,다른
surprise,"놀라게 하다, 놀람"
welcome,환영하다
deicide,"결정하다, 결심하다"
dictionary,사전
shake,"흔들다, 흔들리다"
foreign,외국의
culture,"문화, 교양"
noise,시끄러운 소리
church,교회
easily,"쉽게, 용이하게"
cloud,구름
cool,"시원한, 냉정한"
arm,"팔, (~s)무기"
pocket,호주머니
moment,순간
ticket,"표, 입장권"
basketball,농구
line,"선, 줄"
shoe,신발
fight,"싸우다, 전투"
police,경찰
Mt.,산
unhappy,불행한
meat,고기
marry,결혼하다
difference,차이
heaven,"하늘, 천국"
harvest,수확하다
century,세기. 100년
soldier,군인
age,"나이, 시대"
weather,날씨
past,과거의
excite,흥분시키다
fact,사실
television,텔레비전
stone,돌
foreigner,외국인
however,그러나
accident,"사고, 뜻밖에 사건"
finally,"최후로, 마침내"
pole,막대기
idle,게으른
guess,"추측하다, 추측"
treat,"다루다, 치료하다"
Chinese,"중국의, 중국인의"
wild,"야생의, 난폭한"
record,"기록, 기록하다"
factory,공장
mix,섞다. 섞이다
agree,"동의하다, 일치하다"
information,"정보, 안내, 지식"
shopkeeper,가게 주인
popular,"인기 있는, 유행의"
forest,숲
future,"미래, 미래의"
autumn,가을
coin,"동전, 주화"
choose,"고르다, 선택하다"
vacation,휴가
continue,계속하다
southern,남쪽의
business,"사업, 일, 상업"
introduce,"소개하다, 도입하다"
practice,"연습, 실행하다"
neighbor,이웃 사람
amount,"양, 액수, 총액"
dangerous,위험한
space,"우주, 공간"
traffic,교통
expensive,비싼
machine,기계
middle,중간의
slow,"느린, 천천히"
page,"쪽, 페이지"
mark,"표, 기호, 표시하다"
blackboard,칠판
scientist,과학자
grass,"풀, 잔디"
meaning,"뜻, 의미"
cousin,사촌
rocket,로켓
sandwich,샌드위치
candy,"캔디, 사탕 과자"
number,"수, 번호"
gentleman,신사
speed,"속력, 속도"
knife,"나이프, 칼"
clock,시계
team,"팀, 조"
hurt,상처를 입히다
yard,마당
spell,철자하다
speaker,"말하는 사람, 연설자"
lawyer,"변호사, 법률가"
orange,"오렌지, 오렌지색"
throw,던지다
meter,미터
meal,식사
north,"북쪽, 북쪽의"
god,"신, 하나님"
wind,바람
yellow,노란색의
concert,"음악회, 연주회"
center,"중앙, 중심"
heavy,"무거운, 심한"
note,"기록, 적어 두다"
weak,약한
dry,"마른, 말리다"
supper,저녁밥
noon,"정오, 한낮"
anyone,"누군가, 누구라도"
rude,"무례한, 버릇없는"
normal,"정상의, 보통의"
dining room,식당
south,"남쪽, 남쪽의"
above,~위에
China,중국
group,"집단, 무리"
guitar,기타
most,"가장 많은, 대부분"
join,"결합하다, 참가하다"
bridge,다리
cent,센트
ill,"병든, 나쁜"
size,"크기, 치수"
bath,목욕
pond,연못
pair,한쌍 한벌
probably,아마
mad,"미친, 열광적인"
tonight,오늘 밤
prize,"상, 상품"
instead,그 대신에
justice,정의
mercy,자비
discuss,"토론하다, 논의하다"
rice,"쌀, 벼, 밥"
flight,"비행, 날기"
fruit,과일
monkey,원숭이
million,"100만, 100만의"
certainly,"확실히, 꼭"
classmate,"동급생, 급우"
west,"서쪽, 서쪽의"
map,지도
tie,"매다, 동점이 되다"
push,밀다
pen pal,"펜팔, 편지 친구"
favorite,아주 좋아하는
terrible,"무시무시한, 끔찍한"
soft,"부드러운, 온화한"
COW,암소
tail,꼬리
aloud,"소리 내어, 큰소리로"
wall,벽
tourist,관광객
rise,"오르다, 일어나다"
list,"명부, 목록, 표"
singer,"가수, 성악가"
lead,"인도하다, 안내하다"
turtle,거북
sailor,"선원, 수병"
clever,"영리한, 솜씨 있는"
beach,"해변, 해안"
impressive,인상적인
painting,그림
receive,받다
friendly,"친한, 친절한"
cook,"요리하다, 요리사"
loud,큰소리의
northern,북쪽의
less,~보다 적은
dig,파다
fill,"채우다, 가득하다"
pet,애완동물
garbage,쓰레기
lucky,"행운의, 운 좋은"
secret,"비밀, 비밀의"
beside,~의 곁에
shape,"모양, 모습"
tiny,아주 작은
Unite States,(the~) 미합중국
feeling,"느낌, (~s)감정"
statue,조각상
ancient,고대의
art,"예술, 미술"
burn,"타다, 태우다"
contest,"경쟁, 경기"
experience,"경험, 경험하다"
date,날짜
explain,설명하다
habit,습관
boring,지루한
bother,괴롭히다. 귀찮게 굴다
gesture,"몸짓, 손짓"
battle,"싸움, 전투"
promise,"약속, 약속하다"
artist,"예술가, 화가"
nobody,아무다~않다
sentence,문장
scholar,학자
stupid,어리석은
rather,"오히려, 꽤"
wish,"바라다, 소원"
drop,"떨어지다, 방울"
hide,"숨기다, 숨다"
forward,"앞으로, 앞쪽의"
diary,일기
expect,기대하다
international,국제적인
mayor,시장
master,"주인, 정복하다"
vegetable,"채소, 야채"
borrow,빌리다
straight,"똑바른, 똑바로"
precious,귀중한
beyond,~저편에
twice,"두 번, 두 배로"
celebrate,축하하다
beginning,"처음, 시작"
below,~의 아래에
guest,손님
plate,"접시, 얇은 판"
proud,자랑스러운
wake,"깨다, 깨우다"
season,"계절, 시기"
shine,빛나다
clear,"맑은, 명백한"
control,"지배, 관리"
desert,사막
consist,~으로 구성되다
symbol,상징
fantastic,"환상적인, 공상적인"
monument,"기념비, 기념물"
turkey,칠면조
frog,개구리
fit,"알맞은, 어울리다"
modern,"현대의, 근대의"
government,"정부, 정치"
simple,"간단한, 단순한"
price,"값, 가격, 대가"
lazy,게으른
chicken,"닭, 닭고기"
engine,"기관, 기관차"
smoke,"담배 피우다, 연기"
ghost,유령
madam,부인
nearly,"거의, 하마터면"
smell,냄새 맡다 냄새
air,"공기, 방송하다"
Spain,스페인
lovely,사랑스러운
stamp,"우표, 도장"
elect,선거하다
limit,"제한, 제한하다"
whole,"전체의, 모든"
blow,불다
hall,"홀, 회관"
pilot,"조종사, 파일럿"
bottle,병
power,"힘, 능력, 권력"
serve,"섬기다, 봉사하다"
hometown,고향
step,"걸음, 계단"
cheap,값싼
add,"더하다, 보태다"
blood,"피, 혈액"
wing,날개
rope,"밧줄, 줄"
dirty,더러운
fox,여우
kindness,"친절, 친절한 행위"
worse,더 나쁜
gate,"문, 출입문"
health,건강
musician,음악가
neck,목
empty,"텅빈, 비우다"
sacrifice,"희생하다, 희생"
silver,"은, 은화"
officer,"공무원, 관리"
none,아무도~않다
anyway,"어쨌든, 하여간"
sunshine,햇빛
especially,특히
opera,"오페라, 가극"
peace,평화
shut,닫다
captain,"우두머리, 선장"
principal,"교장, 중요한"
universe,"우주, 전 세계"
generally,"일반적으로, 대체로"
discover,발견하다
engineer,"기사, 기술자"
value,"가치, 가격"
ambitious,야망을 품은
diligent,"부지런한, 근면한"
forgive,용서하다
wander,떠돌아다니다. 헤매다
remove,"옮기다, 제거하다"
gun,"총, 대포"
leaf,나뭇잎
possible,가능한
lend,빌려 주다
rabbit,토끼
law,"법, 법률, 법칙"
somewhere,어딘가에
umbrella,우산
bit,"조금, 작은 조각"
stranger,낯선 person
advice,"충고, 조언"
method,방법
appreciate,"감사하다, 감상하다"
adult,"어른, 어른의"
magazine,잡지
endure,"참다, 견디다"
talent,"재능, 재주"
protect,보호하다
program,프로그램 진행 순서
shoulder,어깨
tear,"눈물, 찢다"
pollute,"더럽히다, 오염시키다"
throat,목구멍
glory,영광
climate,기후
pollution,오염
unless,만일~하지 않으면
lift,들어 올리다
bark,짖다. 짖는 소리
belong,~에 속하다
raise,올리다
deep,"깊은, 깊게"
form,"모양, 형성하다"
candle,양초
Russian,"러시아의, 러시아인"
funny,"재미있는, 우스운"
host,주인
although,비록~일지 라도
area,"지역, 면적"
prince,왕자
rush,"돌진하다, 급히 하다"
theater,극장
thought,"생각, 사상"
hang,"걸다, 매달다"
suppose,"상상하다, 가정하다"
university,대학교
event,"사건, 행사"
message,"전갈, 소식"
metal,금속
communicate,의사소통하다
cost,"비용, 지불하다"
medicine,"약, 의학"
memory,"기억, 추억"
nervous,"신경질의, 신경의"
queen,여왕
custom,"관습, 습관"
create,창조하다
remain,"남다, ~인 채로 있다"
cultural,"문화의, 교양의"
harmony,"조화, 화합"
model,"모형, 모범적인"
servant,"하인, 고용인"
prepare,준비하다
challenge,"도전, 도전하다"
survive,살아남다
position,"위치, 입장, 상태"
praise,칭찬하다. 칭찬
hero,"영웅, 주인공"
attractive,매력적인
favor,"호의, 친절, 부탁"
palace,궁전
repeat,"되풀이하다, 반복하다"
citizen,시민
unite,결합하다
warn,"경고하다, 주의하다"
medical,의학의
devil,악마
valley,"골짜기, 계곡"
breath,"숨, 호흡"
source,"원천, 출처"
harm,해치다
wave,"물결, 물결치다"
pain,"아픔, 고통, (~s)수고"
taste,"맛, 취미"
quarrel,"싸움, 말다툼하다"
report,"보고하다, 보도"
athlete,운동선수
bottom,"밑바닥, 밑"
condition,"조건, 상태"
sightsee,구경하다
fare,(탈것의)요금
giant,"거인, 거대한"
Spanish,"스페인의, 스페인어"
imagine,"상상하다, 생각하다"
wet,젖은
act,"행위, 행동하다"
clerk,"사무원, 점원"
grown-up,"어른, 성인, 성장한"
healthy,"건강한, 건강에 좋은"
complain,불평하다
weekend,"주말, 주말의"
coach,"코치, 사륜마차"
rose,"rise의 과거형, 장미"
upon,~위에
dozen,"1다스, 12개"
copy,"사본, 베끼다"
curtain,"커튼, 막"
market,시장
wine,포도주
jacket,"재킷, 짧은 윗옷"
everyday,"날마다의, 매일의"
post,"우편, 우송하다"
double,"두 배의, 이중의"
asleep,잠들어 있는
alphabet,알파벳
racket,라켓
apartment,아파트
headache,두통
sale,"판매, 염가 판매"
salt,소금
cookie,쿠키
impossible,불가능한
everywhere,"어디에나, 어디나"
pants,바지
wide,"넓은, 널리"
storm,폭풍
medal,"메달, 훈장"
sleepy,"졸린, 졸린 듯한"
bathroom,"욕실, 화장실"
ahead,"앞에, 앞으로"
cheer,"환호, 갈채를 보내다"
jam,혼잡
picnic,"피크닉, 소풍"
tower,탑
strike,"치다, 때리다"
midnight,"한밤중, 자정"
basket,바구니
blanket,담요
indeed,"정말로, 참으로"
certain,"확실한, 어떤"
recorder,"기록기, 녹음기"
volleyball,배구
stove,"난로, 스토브"
castle,성(城)
tunnel,터널
sharp,"날카로운, 영리한"
role,"역할, 임무"
helpful,도움이 되는
bookstore,"서점, 책방"
death,죽음
except,~을 제외하고는
excellent,"우수한, 뛰어난"
attack,"공격하다, 공격"
enemy,적
honor,명예
remind,생각나게 하다
textbook,교과서
wool,양털
graduate,졸업하다
painter,화가
knock,"두드리다, 노크"
somebody,"누군가, 어떤 사람"
joy,기쁨
anybody,"누군가, 누구도"
goods,"상품, 물품"
couple,"한쌍, 두개"
handsome,"잘생긴, 멋진"
p.m.,오후(의)
jet,"제트기, 분출"
disappear,사라지다
rapidly,"빠르게, 신속히"
president,대통령
feed,먹이를 주다
gym,체육관
worst,"가장 나쁜, 최악의"
mail,"우편, 우송하다"
department,"부, 부문, 매장"
mend,고치다
humor,"유머, 익살"
jungle,"정글, 밀림"
butter,버터
lonely,"고독한, 씁쓸한"
cage,"새장, 우리"
subway,지하철
photo,사진
band,"띠, 끈, 악단"
manner,"방법, 태도, (~s)예절"
thirsty,목마른
chief,"우두머리, 주요한"
thick,"두꺼운, 굵은"
wise,현명한
result,결과
sunlight,햇빛
kangaroo,캥거루
scenery,"풍경, 경치"
neither,어느 편도~아니다
simply,"간단히, 다만"
thin,"얇은, 야윈"
alive,살아 있는
homeroom,(학교의)홈룸
noisy,시끄러운
nation,"국민, 국가"
fellow,"동료, 녀석"
luck,"운, 행운"
downstairs,"아래층으로, 아래층"
advise,"충고하다, 조언하다"
serious,"진지한, 중대한"
ache,"아프다, 아픔"
foolish,어리석은
success,성공
abroad,"외국에, 해외에"
visitor,"방문자, 방문객"
Greek,"그리스의, 그리스인"
energy,"힘, 정력, 활력"
upstairs,"위층으로, 위층의"
steak,스테이크
anywhere,"어디든지, 아무데도"
trick,"속임수, 계략, 장난"
actor,"배우, 남자 배우"
seed,"씨, 종자"
weight,"무게, 중량"
twinkle,반짝이다
happiness,행복
fool,바보
count,세다 계산하다
sweet,"단, 향기로운"
hammer,"망치, 망치로 두드리다"
cloth,"천, 헝겊"
calendar,달력
heat,"열, 뜨겁게 하다"
till,~까지
lip,입술
medium,"중간, 중간의"
wrap,"싸다, 포장하다"
well-done,(고기가)잘 구워진
truly,"진실로, 참으로"
Asia,아시아
danger,위험
earn,"벌다, 일해서 얻다"
marathon,"마라톤, 장거리 경주"
express,"표현하다, 급행의"
population,인구
pleasure,"즐거움, 유쾌"
unfortunately,불행하게도
effect,"효과, 결과, 영향"
equal,"같은, ~와 같다"
wolf,늑대
fault,"결점, 잘못"
waiter,시중드는 사람
smooth,매끄러운
kick,"차다, 차기"
branch,"가지, 지점"
operator,"지사, 교환수"
local,지방의
according,~에 의하면
army,"육군, 군대"
bow,"절하다, 인사"
businessman,"사업가, 실업가"
festival,"축제, 축제의"
forever,영원히
main,주요한
poem,시(詩)
kid,"아이, 새끼 염소"
distance,"거리, 먼 곳"
prison,감옥
safety,안전
community,"공동체, 지역 사회"
charge,"청구하다, 책임"
flame,불꽃
Europe,유럽
Roman,"로마의, 로마인"
scene,"장면, 광경, 현장"
absent,"결석한, 부재의"
Japanese,"일본의, 일본인의"
coast,"해안, 연안"
fog,안개
rough,"거친, 대략"
enter,"들어가다, 입학하다"
guide,"안내하다, 안내자"
fry,기름에 튀기다
handkerchief,손수건
skin,"피부, 가죽"
stream,"흐름, 시내, 개울"
track,"지나간 자국, 철도"
Japan,일본
jewel,보석
Olympic,올림픽의
attract,"끌다, 끌어당기다"
schedule,"시간표, ~을 예정하다"
unusual,"비범한, 별난"
human,"인간의, 인간적인"
knee,무릎
French,"프랑스의, 프랑스어"
manager,"지배인, 경영자"
wagon,짐마차
Pacific,"태평양의, (the~)태평양"
shoot,사격하다
national,"국민의, 국가의"
allow,허락하다
collect,"모으다, 수집하다"
fix,"고정시키다, 수리하다"
brave,용감한
dive,"뛰어들다, 잠수하다"
barn,"헛간, 곡식 창고"
classical,"고전의, 고전적인"
examine,"조사하다, 시험하다"
perfect,완전한
address,"주소, 연설"
necessary,필요한
nest,"보금자리, 둥지"
expression,"표현, 표정"
scientific,"과학의, 과학적인"
attention,"주의, 주목"
nor,~도 또한...않다
hardly,거의~않다
plant,행성
pride,"자존심, 자랑거리"
hate,"미워하다, 싫어하다"
nearby,"가까운, 가까이에"
pleasant,"즐거운, 유쾌한"
starve,굶어 죽다
nature,"자연, 성질"
movement,"움직임, 운동, 활동"
signal,"신호, 신호하다"
cinema,"영화, 영화관"
mild,"온화한, 상냥한"
search,"찾다, 수색하다"
experiment,"실험, 실험하다"
silent,"침묵의, 조용한"
part-time,파트타임의
hobby,취미
devote,바치다
fail,실패하다
pop,대중적인
block,"덩어리, 블록"
nurse,간호사
sight,"광경, 경치, 시력"
garage,차고
female,"여성의, 암컷의"
stomach,위(胃)
exchange,"교환하다, 교환"
equipment,"장비, 설비"
magic,"마법, 요술, 마법의"
admire,"감탄하다, 칭찬하다"
memorize,"외우다, 기억하다"
appointment,약속
invitation,초대
sense,"감각, 의미, 이식"
crop,"농작물, 수확"
spread,펴다. 퍼뜨리다
whether,~인지 어떤지
applaud,박수갈채를 보내다
badly,"나쁘게, 몹시"
fresh,"신선한, 새로운"
melt,"녹다, 녹이다"
pity,"불쌍하게 여김, 동정"
sweat,"땀, 땀을 흘리다"
comfortable,"안락한, 기분 좋은"
friendship,우정
adventure,모험
etc.,"~등, ~따위"
freedom,자유
fence,"울타리, 담"
France,프랑스
huge,"거대한, 막대한"
musical,"음악의, 음악적인"
root,"뿌리, 근원"
charming,매력적인
bowl,"사발, 그릇"
disease,"병, 질병"
gather,"모으다, 모이다"
judge,"재판관, 판단하다"
pour,붓다
service,"봉사, 서비스"
electric,전기의
effort,노력
bury,묻다
feather,"깃털, 깃"
quarter,"4분의 1, 15분"
attend,"출석하다, 다니다"
junior,손아래의 연소자
shy,수줍어하는
suggest,"제의하다, 암시하다"
education,교육
calm,"고요한, 고요"
social,"사회의, 사회적인"
honest,정직한
boil,끓다. 끓이다
reply,"대답하다, 대답"
polite,"공손한, 교양 있는"
temperature,"온도, 체온"
doubt,"의심하다, 의심"
avenue,"큰 거리, 가로수길"
shock,"충격, 충격을 주다"
realize,"깨닫다, 실현하다"
central,"중앙의, 중심의"
instance,"예, 보기"
delicious,맛있는
goal,"득점, 목표, 목적"
hunt,"사냥하다, 사냥"
powerful,"강력한, 유력한"
Australian,오스트레일리아의
continent,대륙
path,"작은 길, 길"
exactly,"정확히, 꼭"
similar,"비슷한, 유사한"
ocean,대양(大洋)
truth,"진실, 진리, 사실"
opinion,의견
loose,"헐거운, 풀린"
crash,"충돌하다, 추락하다"
temple,"절, 사원"
instruction,"교육, (~s)지시, 명령"
direction,"방향, 지시"
author,"저자, 작가"
divide,나누다
unify,"통일하다, 통합하다"
share,"나누다, 함께하다"
trade,"무역, 장사"
unification,통일
connect,잇다. 연결하다
relative,친척
trust,"신용, 신용하다"
democracy,민주주의
silly,어리석은
independent,"독립의, 자주적인"
blossom,"꽃, 꽃이 피다"
rub,"비비다, 문지르다"
offer,제공하다
particular,"특별한, 특수한"
conversation,"회화(會話), 대화"
professor,교수
completely,"완전히, 전적으로"
succeed,성공하다
sorrow,"슬픔, 슬퍼하다"
bite,"물다, 물어뜯다"
obey,복종하다
congratulate,축하하다
avoid,"피하다, 회피하다"
congratulation,축하
mention,말하다
accept,받다 인정하다
private,"개인의, 사적인"
society,"사회, 모임"
SOW,(씨를)뿌리다
solve,"풀다, 해결하다"
choice,선택
actually,실제로
economy,경제
curious,"호기심이 강한, 이상한"
spirit,정신
frankly,솔직히
greet,인사하다
active,"활동적인, 적극적인"
furniture,가구
destroy,파괴하다
escape,"달아나다, 벗어나다"
extra,"여분의, 임시의"
invent,발명하다
pardon,"용서, 용서하다"
waste,낭비하다 낭비
disappoint,실망시키다
freeze,"얼다, 얼음이 얼다"
educate,교육하다
breathe,호흡하다
tooth,이
successful,"성공한, 성공적인"
cause,"원인, 이유, 일으키다"
lecture,"강의, 강의하다"
communication,"전달, 통신, 교통"
elementary,"초보의, 기본의"
exercise,"운동, 연습"
recently,"최근에, 요즘에"
repair,"수리하다, 수선"
proverb,"속담, 격언"
view,"경치, 전망, 의견"
patience,인내
progress,"진행, 진보, 진보하다"
basic,"기초의, 근본적인"
punish,벌하다
refuse,거절하다
depend,"의지하다, 신뢰하다"
excitement,흥분
design,"설계, 디자인하다"
various,"여러 가지의, 다양한"
single,"단 하나의, 독신의"
blame,"나무라다, 비난하다"
satisfy,만족시키다
uniform,제복
public,"공공의, 공적인"
courage,용기
shame,"부끄러움, 수치"
dress,"의복, 옷 을 입다"
skill,"솜씨, 숙련"
develop,"발달하다, 개발하다"
produce,생산하다
entrance,"입구, 입장, 입학"
fear,"두려움, 두려워하다"
youth,"젊은, 청춘"
increase,"증가하다, 증가"
ceremony,"의식, 식"
pray,"빌달, 기도하다"
system,"조직, 체계, 제도"
when,"언제, ~할 때"
tomb,"무덤, 묘"
invade,침입하다
respect,"존경하다, 존중하다"
circle,"원, 집단, 회전하다"
wisdom,지혜
relax,"늦추다, 쉬다"
treasure,"보물, 보배"
stretch,잡아 늘이다. 뻗다
notice,"주의, 통지, 알아차리다"
ancestor,"조상, 선조"
subject,"학과, 과목, 주제"
prefer,~을 더 좋아하다
responsible,책임이 있는
kind,종류
pretty,"꽤, 상당히, 예쁜"
free,"한가한, 무료의"
about,"대략, 약, ~에 대하여"
time,(복수형으로)~회
like,"~같이, ~처럼"
story,"이야기, (건물)층"
park,"공원, 주차하다"
fall,"가을, (~s)폭포"
watch,"보다, 지켜보다"
bear,"낳다, 참다, 곰"
miss,"놓치다, 그리워하다"
safe,"안전한, 금고"
end,"목적, 끝나다"
store,"상점, 저장하다"
party,"일행, 정당, 파티"
draw,당기다. 그리다
race,"경주, 인종, 민족"
case,"경 경우, 사건, 상자"
have,먹다. 갖고 있다
match,"시합, 성냥, 어울리다"
rest,"휴식, (the~)나머지"
bank,"둑, 제방, 은행"
gift,"선물, 재능"
spring,"봄, 샘, 용수철"
lie,눕다. ~이 있다. 거짓말하다
blue,"우울한, 파란"
check,"수표, 점검하다"
fair,"공평한, 꽤 많은"
company,"친구, 사귐, 회사"
touch,"감동시키다, 접촉"
plant,"식물, 공장, 심다"
for,"~동안, ~을 위하여"
fine,"훌륭한, 벌금"
take,"타다, 잡다"
present,"선물, 현재, 참석한"
by,~에 의하여
work,"일, 작품"
right,"옳은, 권리, 오른쪽의"
face,"직면하다, 표면"
cross,"가로지르다, 십자가"
back,"등, 뒤로"
country,"국가, (the~)시골"
or,"그렇지 않으면, 혹은"
leave,"남기다, 떠나다"
hard,"어려운, 심하게"
place,"장소, 위치, ~을 놓다"
land,"상륙하다, 육지"
dear,"친애하는, 값비싼"
chance,"기회, 운, 우연"
ring,"울리다, 반지"
wrong,"나쁜, 틀린"
round,"~의 주위에, 둥근"
glass,"유리, (~es)안경"
every,"모든, ~마다"
lesson,"수업, 교훈, 과(課)"
either,~도 또한 ...하지 않다
letter,"편지, 문자"
around,"~주위에, 약, ~쯤"
station,"역, 서(暑), 국(局)"
over,"~이상, 끝나고"
still,"아직, 고요한"
get,"얻다, 사다, ~이 되다"
move,"이사하다, 감동시키다"
fly,"날다, 파리"
stand,"서다, 참다"
turn,"돌다, 회전, 차례"
keep,"지키다, 계속하다"
while,"~하는 동안, 잠시"
once,"한 번, 한때"
ask,"묻다, 요구하다"
hold,"잡다, 개최하다"
mind,"싫어하다, 마음"
pass,"합격하다, 지나가다"
SO,"매우, 그러므로"
left,"leave의 과거, p.p"
care,"돌봄, 걱정, 조심"
see,"만나다, 보다"
dish,"접시, 요리"
bright,"밝은, 영리한"
sign,"서명하다, 신호"
well,"건강한, 잘, 글쎄"
save,"절약하다, 저축하다"
order,"주문, 순서, 명령"
school,"학교, 수업"
film,"필름, 영화"
point,"요점, 가리키다"
pick,"따다, 고르다"
matter,"중요하다, 문제"
set,"놓다, 세트, 한 벌"
against,~에 반대하여
fat,"살찐, 지방"
state,"상태, 국가, 주"
stick,"막대기, 찌르다"
natural,"자연의, 타고난"
character,"성격, 인격, 특징"
grow,"성장하다, 재배하다"
appear,"~인 듯하다, 나타나다"
grade,"등급, 성적, 학년"
rare,"드문, 희귀한"
earth,"지구, 땅, 흙"
period,"기간, 시대, 마침표"
find,"발견하다, 알다"
rule,"규칙, 지배, 지배하다"
conductor,"지휘자, 차장"
common,"공통의, 보통의"
force,"힘, 폭력, (~s)군대"
good,"능숙한, 좋은"
capital,"수도, 대문자인"
much,"대단히, 매우, 많은"
correct,"고치다, 올바른"
industry,"산업, 공업, 근면"
court,"법정, 경기장"
little,"거의~않다, 조금"
say,~라고 쓰여 있다
roll,"출석부, 구르다"
sail,"항해하다, 돛"
crowd,"붐비다, 군중"
blind,"눈 먼, 블라인드"
suit,"알맞다, 한 벌"
